Job Title,Location,Company,Company URL,Skills,Category
Freelance Writer,Worldwide,IAPWE,https://dailyremote.com/apply/3016661,"Writing, writer",Writing
Conversation Practice Partner (Native English Speaker),United States,Tutor Job,https://dailyremote.com/apply/3012726,English,Support
"Manager, Sales Development",United States,Webflow,https://dailyremote.com/apply/3022713,,Sales
Staff Creative Web Designer,United States,Intercom,https://dailyremote.com/apply/3021930,,Design
Senior Content Designer,United States,10up,https://dailyremote.com/apply/3020744,,Design
Internet Rater | Part Time | Work from home,United States,TELUS International AI,https://dailyremote.com/apply/3020591,"Online, Internet, Data Analysis, Rsearch",Marketing
Executive Assistant,United States,Boldly,https://dailyremote.com/apply/3019697,,Virtual Assistant
Senior Editor,United States,Vizient,https://dailyremote.com/apply/3019337,,Writing
Head of Human Resources,United States,Smith.ai,https://dailyremote.com/apply/3016768,,Recruitment
Lead Group Product Manager,United States,Google,https://dailyremote.com/apply/3019347,,Product
Data Scientist,United States,HubSpot,https://dailyremote.com/apply/3014261,,Software Development
Customer Service Specialist,Worldwide,Nordic Naturals,https://dailyremote.com/apply/3014255,,Support
"Associate, Paid Acquisition Marketing",Canada,Grammarly,https://dailyremote.com/apply/3016075,,Marketing
"Principal Project Manager, Operations",United States,Zillow,https://dailyremote.com/apply/3013062,,Product
Remote Licensed Therapist,United States,Thriveworks,https://dailyremote.comhttps://click.appcast.io/track/gfeia0a?cs=i2c&exch=1a&jg=71yt&bid=8a3uLvzsMA7bcxvqEMfXlw==,,Others
Virtual PreBill Denial RN PRN,United States,Parallon,https://dailyremote.comhttps://click.appcast.io/track/h3e6wcy?cs=i2c&exch=1a&jg=5hkt&bid=iyI6yvVMA6BOeF8aWQ6MIw==,,Others
Tax Manager (Full remote),United States,Jobot,https://dailyremote.comhttps://www.jobg8.com/Traffic.aspx?5y6FRDvNHCpa0vzAThjb9Qr,,Finance
FULLY REMOTE -Tax Manager,United States,Jobot,https://dailyremote.comhttps://www.jobg8.com/Traffic.aspx?GMP19CiHu%2b7X2bXpz2aBXQw,,Finance
Call Center Representative - Remote/Hybrid,United States,Grainger,https://dailyremote.comhttps://www.jobg8.com/ATSApply.aspx?RyybmGlwrGsT%2f5x92moowAn,,Support
Remote Tax Manager - Hi Net Worth,United States,Jobot,https://dailyremote.comhttps://www.jobg8.com/Traffic.aspx?gejB1ao5Vl4HZsEKRTErJgy,,Finance
Staff Accountant - Mostly Remote (Atlanta Area),United States,Jobot,https://dailyremote.comhttps://www.jobg8.com/Traffic.aspx?gejB1ao5Vl4YdzYv%2bHOzVwy,,Finance
"Position:Project Manager With Brokerage Business & Trading Project & PMP & Financial Exp Location : Seattle,Washington ( Remote Work preference for westcoast candidates (preference in Seattle)",United States,Synergy Technologies,https://dailyremote.comhttps://www.jobg8.com/Traffic.aspx?M4BBVBZbdReX8gbplQSDAwp,,Product
Customer Service Agent - Remote/Hybrid,United States,Grainger,https://dailyremote.comhttps://www.jobg8.com/ATSApply.aspx?wxkekHmDBic2AUPVu%2bPx9go,,Support
Data Architect - ETL Developer - Informatica Administrator (Remote within Colorado state),United States,"Everest Consultants, Inc",https://dailyremote.comhttps://www.jobg8.com/Traffic.aspx?5y6FRDvNHCoD5jLw6apcewr,,Software Development
Senior Systems Engineer - Citrix Remote,United States,ANSYS,https://dailyremote.comhttps://www.jobg8.com/Traffic.aspx?beWHLPWiRuZQPyvmA2wgzQf,,Software Development
"Staff Accountant, Remote role",United States,Creative Financial Staffing,https://dailyremote.comhttps://www.jobg8.com/Traffic.aspx?GMP19CiHu%2b72ten8lEkyrgw,,Finance
Remote Business Systems Analyst II,United States,O'Reilly Auto Parts,https://dailyremote.comhttps://www.jobg8.com/Traffic.aspx?OTvXOYlFMWvjktcU85jqUwc,,Software Development
REMOTE Project Manager (C-UAS),United States,Jobot,https://dailyremote.comhttps://www.jobg8.com/Traffic.aspx?fLWbgOZsqSTxmQCuxUdJgAa,,Product
Remote Software Architect - Enterprise Services Team,United States,O'Reilly Auto Parts,https://dailyremote.comhttps://www.jobg8.com/Traffic.aspx?1r9rENUYohf0A1nJ%2fwSH2gz,,Software Development
Remote Senior Software Engineer - FCO,United States,O'Reilly Auto Parts,https://dailyremote.comhttps://www.jobg8.com/Traffic.aspx?fLWbgOZsqSQKKFPN4GYbhwa,,Software Development
100% Remote - Tax Manager/Senior/Audit,United States,Jobot,https://dailyremote.comhttps://www.jobg8.com/Traffic.aspx?gejB1ao5Vl5zbZq1Ftzl1wy,,Finance
Openroad Ingres Developer (fully remote),United States,MORGAN HUNT,https://dailyremote.comhttps://www.jobg8.com/Traffic.aspx?%2f%2bPpcJgF0xVCNzzokaYUGQh,,Software Development
UI/UX Frontend Developer - Remote,United States,Vaco,https://dailyremote.comhttps://www.jobg8.com/Traffic.aspx?1r9rENUYohc7EhyaW%2fZZrwz,,Software Development
District Sales Manager - Remote role in Washington,United States,Wilbur-Ellis Company,https://dailyremote.comhttps://www.jobg8.com/Traffic.aspx?cRoiohWzPx6PTUN5g5TALAl,,Sales
Director of Development (Java) - Remote,United States,Vaco,https://dailyremote.comhttps://www.jobg8.com/Traffic.aspx?GeoQCLVvWMUdLBbJdA51zgj,,Software Development
FULLY REMOTE-Audit Senior,United States,Jobot,https://dailyremote.comhttps://www.jobg8.com/Traffic.aspx?NbHsSYxZC2MahECyt5TAIAu,,Finance
Senior Ruby on Rails Developer (Remote),United States,Jobot,https://dailyremote.comhttps://www.jobg8.com/Traffic.aspx?QmN73C%2fFjHzbspf4h3dxVAs,,Software Development
Medicaid Data Analytics and Fraud Abuse SME - REMOTE,United States,CCS IT,https://dailyremote.comhttps://www.jobg8.com/Traffic.aspx?yTdKfvpD0T%2f7MAt%2bp1YzjAg,,Software Development
"PhD Director, Data Science R&D (Decision Sciences Identity Team - Chicago or Remote)",United States,Epsilon,https://dailyremote.comhttps://www.jobg8.com/ATSApply.aspx?QmN73C%2fFjHwvX74%2fkokJmQs,,Software Development
Remote Tax Manager / Sr Tax Manager,United States,Jobot,https://dailyremote.comhttps://www.jobg8.com/Traffic.aspx?HMyGHJYfprl2wyGY%2f0W9TAt,,Finance
